{"cameraMode":{"drawMode":0,"name":"Shaded","section":"Shading Mode"},"sceneLighting":false,"audioPlay":false,"sceneViewState":{"showFog":true,"showMaterialUpdate":false,"showSkybox":false,"showFlares":true,"showImageEffects":true,"showParticleSystems":true},"in2DMode":false,"pivot":{"x":0.012331724166870118,"y":136.1162567138672,"z":0.02771472930908203},"rotation":{"x":-0.39837440848350527,"y":0.5918439030647278,"z":-0.5603691339492798,"w":-0.420741468667984},"size":783.140625,"orthographic":true}