{"cameraMode":{"drawMode":0,"name":"Shaded","section":"Shading Mode"},"sceneLighting":false,"audioPlay":false,"sceneViewState":{"showFog":true,"showMaterialUpdate":false,"showSkybox":false,"showFlares":true,"showImageEffects":true,"showParticleSystems":true},"in2DMode":false,"pivot":{"x":180.18910217285157,"y":17.41436767578125,"z":-8.509994506835938},"rotation":{"x":-0.03453446179628372,"y":0.8720356225967407,"z":0.0620746836066246,"w":0.48433923721313479},"size":2796.787841796875,"orthographic":true}