{"cameraMode":{"drawMode":0,"name":"Shaded","section":"Shading Mode"},"sceneLighting":false,"audioPlay":false,"sceneViewState":{"showFog":true,"showMaterialUpdate":false,"showSkybox":false,"showFlares":true,"showImageEffects":true,"showParticleSystems":true},"in2DMode":false,"pivot":{"x":0.024825692176818849,"y":0.23920592665672303,"z":2.9047515392303469},"rotation":{"x":0.02996412105858326,"y":-0.9658953547477722,"z":0.22167356312274934,"w":0.13062308728694917},"size":15.082220077514649,"orthographic":true}