{"cameraMode":{"drawMode":0,"name":"Shaded","section":"Shading Mode"},"sceneLighting":false,"audioPlay":false,"sceneViewState":{"showFog":true,"showMaterialUpdate":false,"showSkybox":false,"showFlares":true,"showImageEffects":true,"showParticleSystems":true},"in2DMode":false,"pivot":{"x":-2.384185791015625e-7,"y":0.00025773048400878906,"z":0.0},"rotation":{"x":0.4579183757305145,"y":-0.41322147846221926,"z":0.25396060943603518,"w":0.745048999786377},"size":17.41761589050293,"orthographic":true}