{"cameraMode":{"drawMode":0,"name":"Shaded","section":"Shading Mode"},"sceneLighting":false,"audioPlay":false,"sceneViewState":{"showFog":true,"showMaterialUpdate":false,"showSkybox":false,"showFlares":true,"showImageEffects":true,"showParticleSystems":true},"in2DMode":false,"pivot":{"x":-0.8849999904632568,"y":0.10999998450279236,"z":0.034999996423721316},"rotation":{"x":0.04072938486933708,"y":0.9467034339904785,"z":-0.2906939387321472,"w":0.13294705748558045},"size":3.0653769969940187,"orthographic":true}