{"cameraMode":{"drawMode":0,"name":"Shaded","section":"Shading Mode"},"sceneLighting":false,"audioPlay":false,"sceneViewState":{"showFog":true,"showMaterialUpdate":false,"showSkybox":false,"showFlares":true,"showImageEffects":true,"showParticleSystems":true},"in2DMode":false,"pivot":{"x":4.742865085601807,"y":5.364811897277832,"z":4.3599138259887699},"rotation":{"x":0.01919391192495823,"y":-0.9727022051811218,"z":0.08780738711357117,"w":0.21408972144126893},"size":14.972437858581543,"orthographic":true}