{"cameraMode":{"drawMode":0,"name":"Shaded","section":"Shading Mode"},"sceneLighting":false,"audioPlay":false,"sceneViewState":{"showFog":true,"showMaterialUpdate":false,"showSkybox":false,"showFlares":true,"showImageEffects":true,"showParticleSystems":true},"in2DMode":false,"pivot":{"x":-2.384185791015625e-7,"y":0.00025773048400878906,"z":0.0},"rotation":{"x":-0.2810794711112976,"y":-0.5382845401763916,"z":0.19655779004096986,"w":-0.769825279712677},"size":17.41761589050293,"orthographic":true}