{"cameraMode":{"drawMode":0,"name":"Shaded","section":"Shading Mode"},"sceneLighting":false,"audioPlay":false,"sceneViewState":{"showFog":true,"showMaterialUpdate":false,"showSkybox":false,"showFlares":true,"showImageEffects":true,"showParticleSystems":true},"in2DMode":false,"pivot":{"x":-2.384185791015625e-7,"y":1.347786545753479,"z":-2.384185791015625e-7},"rotation":{"x":-0.17726615071296693,"y":0.8216313123703003,"z":-0.35865628719329836,"w":-0.40605631470680239},"size":14.4182710647583,"orthographic":true}