{"cameraMode":{"drawMode":0,"name":"Shaded","section":"Shading Mode"},"sceneLighting":false,"audioPlay":false,"sceneViewState":{"showFog":true,"showMaterialUpdate":false,"showSkybox":false,"showFlares":true,"showImageEffects":true,"showParticleSystems":true},"in2DMode":false,"pivot":{"x":-0.2041015625,"y":1.986328125,"z":-0.548980712890625},"rotation":{"x":0.48665323853492739,"y":-0.5127555131912231,"z":0.5200406908988953,"w":0.47954514622688296},"size":8.857770919799805,"orthographic":true}