{"cameraMode":{"drawMode":0,"name":"Shaded","section":"Shading Mode"},"sceneLighting":false,"audioPlay":false,"sceneViewState":{"showFog":true,"showMaterialUpdate":false,"showSkybox":false,"showFlares":true,"showImageEffects":true,"showParticleSystems":true},"in2DMode":false,"pivot":{"x":47.687313079833987,"y":135.6787567138672,"z":-111.36318969726563},"rotation":{"x":0.19993442296981812,"y":0.3419851064682007,"z":-0.07472219318151474,"w":0.9151661396026611},"size":253.27084350585938,"orthographic":true}