{"cameraMode":{"drawMode":0,"name":"Shaded","section":"Shading Mode"},"sceneLighting":false,"audioPlay":false,"sceneViewState":{"showFog":true,"showMaterialUpdate":false,"showSkybox":false,"showFlares":true,"showImageEffects":true,"showParticleSystems":true},"in2DMode":false,"pivot":{"x":-2.384185791015625e-7,"y":0.00025773048400878906,"z":0.0},"rotation":{"x":-0.45130595564842226,"y":0.4210072457790375,"z":-0.25527825951576235,"w":-0.7442639470100403},"size":17.41761589050293,"orthographic":true}