{"cameraMode":{"drawMode":0,"name":"Shaded","section":"Shading Mode"},"sceneLighting":false,"audioPlay":false,"sceneViewState":{"showFog":true,"showMaterialUpdate":false,"showSkybox":false,"showFlares":true,"showImageEffects":true,"showParticleSystems":true},"in2DMode":false,"pivot":{"x":-0.00002288818359375,"y":134.9027099609375,"z":-0.0000152587890625},"rotation":{"x":-0.6520019769668579,"y":0.21136461198329926,"z":-0.1965450495481491,"w":-0.7011511325836182},"size":1240.282470703125,"orthographic":true}