{"cameraMode":{"drawMode":0,"name":"Shaded","section":"Shading Mode"},"sceneLighting":false,"audioPlay":false,"sceneViewState":{"showFog":true,"showMaterialUpdate":false,"showSkybox":false,"showFlares":true,"showImageEffects":true,"showParticleSystems":true},"in2DMode":false,"pivot":{"x":-0.002166748046875,"y":132.37692260742188,"z":-0.022247314453125},"rotation":{"x":-0.6363232135772705,"y":0.3205176889896393,"z":-0.32908326387405398,"w":-0.6197472810745239},"size":1511.1217041015625,"orthographic":true}