{"cameraMode":{"drawMode":0,"name":"Shaded","section":"Shading Mode"},"sceneLighting":false,"audioPlay":false,"sceneViewState":{"showFog":true,"showMaterialUpdate":false,"showSkybox":false,"showFlares":true,"showImageEffects":true,"showParticleSystems":true},"in2DMode":false,"pivot":{"x":-1255.944091796875,"y":1676.2406005859375,"z":2227.415283203125},"rotation":{"x":-0.1772206723690033,"y":0.4114192724227905,"z":-0.08192990720272064,"w":-0.890318751335144},"size":87.6594467163086,"orthographic":true}