{"cameraMode":{"drawMode":0,"name":"Shaded","section":"Shading Mode"},"sceneLighting":false,"audioPlay":false,"sceneViewState":{"showFog":true,"showMaterialUpdate":false,"showSkybox":false,"showFlares":true,"showImageEffects":true,"showParticleSystems":true},"in2DMode":false,"pivot":{"x":0.0,"y":2.155000686645508,"z":-0.0000019073486328125},"rotation":{"x":-0.2304673045873642,"y":0.7502829432487488,"z":-0.3297257423400879,"w":-0.5246909260749817},"size":38.44277572631836,"orthographic":true}